{
  "label_aps": {
    "car": {
      "0.5": 0.7210421428486126,
      "1.0": 0.8416272568705558,
      "2.0": 0.8968950297384307,
      "4.0": 0.9090063994259527
    },
    "truck": {
      "0.5": 0.4261357060497679,
      "1.0": 0.5650166248695214,
      "2.0": 0.5833372427003214,
      "4.0": 0.5894701756475682
    },
    "bus": {
      "0.5": 0.5439732427785609,
      "1.0": 0.8761425517266253,
      "2.0": 0.9555555555555557,
      "4.0": 0.9555555555555557
    },
    "trailer": {
      "0.5": 0.0,
      "1.0": 0.0,
      "2.0": 0.0,
      "4.0": 0.0
    },
    "construction_vehicle": {
      "0.5": 0.0,
      "1.0": 0.0,
      "2.0": 0.0,
      "4.0": 0.0
    },
    "pedestrian": {
      "0.5": 0.6691233890892664,
      "1.0": 0.681706589420167,
      "2.0": 0.7156597184023841,
      "4.0": 0.7560680033939926
    },
    "motorcycle": {
      "0.5": 0.08711023623636303,
      "1.0": 0.14150987870299125,
      "2.0": 0.16860850073057973,
      "4.0": 0.17693156903793303
    },
    "bicycle": {
      "0.5": 0.11258286143725318,
      "1.0": 0.22207269023168666,
      "2.0": 0.22207269023168666,
      "4.0": 0.23634773460250488
    },
    "traffic_cone": {
      "0.5": 0.0,
      "1.0": 0.0,
      "2.0": 0.0,
      "4.0": 0.0
    },
    "barrier": {
      "0.5": 0.0,
      "1.0": 0.0,
      "2.0": 0.0,
      "4.0": 0.0
    }
  },
  "mean_dist_aps": {
    "car": 0.842142707220888,
    "truck": 0.5409899373167948,
    "bus": 0.8328067264040744,
    "trailer": 0.0,
    "construction_vehicle": 0.0,
    "pedestrian": 0.7056394250764526,
    "motorcycle": 0.14354004617696678,
    "bicycle": 0.19826899412578286,
    "traffic_cone": 0.0,
    "barrier": 0.0
  },
  "mean_ap": 0.3263387836320959,
  "label_tp_errors": {
    "car": {
      "trans_err": 0.20738400557493317,
      "scale_err": 0.16491769362308,
      "orient_err": 0.19282971265406484,
      "vel_err": 0.1351785236281413,
      "attr_err": 0.12189361483534161
    },
    "truck": {
      "trans_err": 0.32074448436129227,
      "scale_err": 0.1954512200425664,
      "orient_err": 0.13120391393539477,
      "vel_err": 0.12304122930029347,
      "attr_err": 0.06306589599189738
    },
    "bus": {
      "trans_err": 0.31338019289040364,
      "scale_err": 0.09422140895055287,
      "orient_err": 0.024493561549027525,
      "vel_err": 0.6505413002039615,
      "attr_err": 0.1722053526045267
    },
    "trailer": {
      "trans_err": 1.0,
      "scale_err": 1.0,
      "orient_err": 1.0,
      "vel_err": 1.0,
      "attr_err": 1.0
    },
    "construction_vehicle": {
      "trans_err": 1.0,
      "scale_err": 1.0,
      "orient_err": 1.0,
      "vel_err": 1.0,
      "attr_err": 1.0
    },
    "pedestrian": {
      "trans_err": 0.17227988742051614,
      "scale_err": 0.2503054495217054,
      "orient_err": 0.38435690117542465,
      "vel_err": 0.3375520362173455,
      "attr_err": 0.14589311375694555
    },
    "motorcycle": {
      "trans_err": 0.3635955125033503,
      "scale_err": 0.30343511838523946,
      "orient_err": 1.5845843980695777,
      "vel_err": 0.1278415570174184,
      "attr_err": 0.11707309130059222
    },
    "bicycle": {
      "trans_err": 0.3409684256446549,
      "scale_err": 0.23844598273730702,
      "orient_err": 0.3701478700256337,
      "vel_err": 0.6140999380990191,
      "attr_err": 0.0
    },
    "traffic_cone": {
      "trans_err": 1.0,
      "scale_err": 1.0,
      "orient_err": NaN,
      "vel_err": NaN,
      "attr_err": NaN
    },
    "barrier": {
      "trans_err": 1.0,
      "scale_err": 1.0,
      "orient_err": 1.0,
      "vel_err": NaN,
      "attr_err": NaN
    }
  },
  "tp_errors": {
    "trans_err": 0.5718352508395151,
    "scale_err": 0.5246776873260451,
    "orient_err": 0.6319573730454581,
    "vel_err": 0.4985318230582724,
    "attr_err": 0.3275163835611629
  },
  "tp_scores": {
    "trans_err": 0.42816474916048486,
    "scale_err": 0.47532231267395486,
    "orient_err": 0.36804262695454193,
    "vel_err": 0.5014681769417275,
    "attr_err": 0.672483616438837
  },
  "nd_score": 0.40771754003300253,
  "eval_time": 1.894662618637085,
  "cfg": {
    "class_range": {
      "car": 50,
      "truck": 50,
      "bus": 50,
      "trailer": 50,
      "construction_vehicle": 50,
      "pedestrian": 40,
      "motorcycle": 40,
      "bicycle": 40,
      "traffic_cone": 30,
      "barrier": 30
    },
    "dist_fcn": "center_distance",
    "dist_ths": [
      0.5,
      1.0,
      2.0,
      4.0
    ],
    "dist_th_tp": 2.0,
    "min_recall": 0.1,
    "min_precision": 0.1,
    "max_boxes_per_sample": 500,
    "mean_ap_weight": 5
  },
  "meta": {
    "use_camera": false,
    "use_lidar": true
  }
}